UUU,29.4,34201,Synechocystis
UUC,10.5,12206,Synechocystis
UUA,26.4,30619,Synechocystis
UUG,28.9,33614,Synechocystis
UCU,9,10445,Synechocystis
UCC,15.8,18364,Synechocystis
UCA,4.3,5029,Synechocystis
UCG,4.1,4723,Synechocystis
UAU,17.4,20257,Synechocystis
UAC,11.9,13849,Synechocystis
UAA,1.4,1607,Synechocystis
UAG,1.1,1269,Synechocystis
UGU,6.3,7322,Synechocystis
UGC,3.9,4482,Synechocystis
UGA,0.6,747,Synechocystis
UGG,15.5,17981,Synechocystis
CUU,10.2,11827,Synechocystis
CUC,13.9,16178,Synechocystis
CUA,14,16296,Synechocystis
CUG,20,23264,Synechocystis
CCU,10,11628,Synechocystis
CCC,24.5,28447,Synechocystis
CCA,8.1,9434,Synechocystis
CCG,8.3,9614,Synechocystis
CAU,11.7,13564,Synechocystis
CAC,7.2,8310,Synechocystis
CAA,34,39494,Synechocystis
CAG,21.2,24630,Synechocystis
CGU,10.3,12025,Synechocystis
CGC,12.2,14172,Synechocystis
CGA,5.4,6267,Synechocystis
CGG,13.4,15524,Synechocystis
AUU,40,46527,Synechocystis
AUC,17.8,20730,Synechocystis
AUA,4.9,5744,Synechocystis
AUG,19.3,22456,Synechocystis
ACU,13.9,16157,Synechocystis
ACC,26,30223,Synechocystis
ACA,7,8150,Synechocystis
ACG,7.8,9038,Synechocystis
AAU,25.7,29897,Synechocystis
AAC,15,17423,Synechocystis
AAA,30.1,34968,Synechocystis
AAG,12.8,14924,Synechocystis
AGU,15.1,17502,Synechocystis
AGC,10.3,11939,Synechocystis
AGA,4.6,5315,Synechocystis
AGG,4.8,5602,Synechocystis
GUU,16.8,19493,Synechocystis
GUC,11.2,12973,Synechocystis
GUA,10.5,12223,Synechocystis
GUG,28,32580,Synechocystis
GCU,20,23248,Synechocystis
GCC,37.5,43610,Synechocystis
GCA,10.9,12646,Synechocystis
GCG,15.2,17647,Synechocystis
GAU,32.5,37772,Synechocystis
GAC,17.8,20706,Synechocystis
GAA,44.7,51919,Synechocystis
GAG,16.1,18664,Synechocystis
GGU,19.8,23048,Synechocystis
GGC,22.3,25904,Synechocystis
GGA,12.9,15026,Synechocystis
GGG,17.6,20506,Synechocystis
UUU,7.5,12,Penicillium roquefortii 
UUC,33.1,53,Penicillium roquefortii 
UUA,1.2,2,Penicillium roquefortii 
UUG,10.6,17,Penicillium roquefortii 
UCU,25,40,Penicillium roquefortii 
UCC,23.7,38,Penicillium roquefortii 
UCA,12.5,20,Penicillium roquefortii 
UCG,25,40,Penicillium roquefortii 
UAU,8.7,14,Penicillium roquefortii 
UAC,17.5,28,Penicillium roquefortii 
UAA,1.2,2,Penicillium roquefortii 
UAG,0.6,1,Penicillium roquefortii 
UGU,3.1,5,Penicillium roquefortii 
UGC,5,8,Penicillium roquefortii 
UGA,0,0,Penicillium roquefortii 
UGG,11.2,18,Penicillium roquefortii 
CUU,17.5,28,Penicillium roquefortii 
CUC,14.4,23,Penicillium roquefortii 
CUA,8.1,13,Penicillium roquefortii 
CUG,16.9,27,Penicillium roquefortii 
CCU,22.5,36,Penicillium roquefortii 
CCC,18.7,30,Penicillium roquefortii 
CCA,21.2,34,Penicillium roquefortii 
CCG,16.9,27,Penicillium roquefortii 
CAU,13.1,21,Penicillium roquefortii 
CAC,15,24,Penicillium roquefortii 
CAA,11.2,18,Penicillium roquefortii 
CAG,29.3,47,Penicillium roquefortii 
CGU,11.2,18,Penicillium roquefortii 
CGC,13.7,22,Penicillium roquefortii 
CGA,6.2,10,Penicillium roquefortii 
CGG,6.9,11,Penicillium roquefortii 
AUU,11.9,19,Penicillium roquefortii 
AUC,17.5,28,Penicillium roquefortii 
AUA,5,8,Penicillium roquefortii 
AUG,24.3,39,Penicillium roquefortii 
ACU,21.8,35,Penicillium roquefortii 
ACC,26.2,42,Penicillium roquefortii 
ACA,11.9,19,Penicillium roquefortii 
ACG,9.4,15,Penicillium roquefortii 
AAU,16.9,27,Penicillium roquefortii 
AAC,25,40,Penicillium roquefortii 
AAA,8.7,14,Penicillium roquefortii 
AAG,28.1,45,Penicillium roquefortii 
AGU,6.9,11,Penicillium roquefortii 
AGC,28.1,45,Penicillium roquefortii 
AGA,5,8,Penicillium roquefortii 
AGG,3.1,5,Penicillium roquefortii 
GUU,17.5,28,Penicillium roquefortii 
GUC,17.5,28,Penicillium roquefortii 
GUA,2.5,4,Penicillium roquefortii 
GUG,15,24,Penicillium roquefortii 
GCU,29.3,47,Penicillium roquefortii 
GCC,30.6,49,Penicillium roquefortii 
GCA,13.7,22,Penicillium roquefortii 
GCG,13.1,21,Penicillium roquefortii 
GAU,28.7,46,Penicillium roquefortii 
GAC,28.7,46,Penicillium roquefortii 
GAA,18.7,30,Penicillium roquefortii 
GAG,25,40,Penicillium roquefortii 
GGU,26.2,42,Penicillium roquefortii 
GGC,30,48,Penicillium roquefortii 
GGA,16.2,26,Penicillium roquefortii 
GGG,8.7,14,Penicillium roquefortii 
UUU,19.7,101,Escherichia coli
UUC,15,77,Escherichia coli
UUA,15.2,78,Escherichia coli
UUG,11.9,61,Escherichia coli
UCU,5.7,29,Escherichia coli
UCC,5.5,28,Escherichia coli
UCA,7.8,40,Escherichia coli
UCG,8,41,Escherichia coli
UAU,16.8,86,Escherichia coli
UAC,14.6,75,Escherichia coli
UAA,1.8,9,Escherichia coli
UAG,0,0,Escherichia coli
UGU,5.9,30,Escherichia coli
UGC,8,41,Escherichia coli
UGA,1,5,Escherichia coli
UGG,10.7,55,Escherichia coli
CUU,11.9,61,Escherichia coli
CUC,10.5,54,Escherichia coli
CUA,5.3,27,Escherichia coli
CUG,46.9,240,Escherichia coli
CCU,8.4,43,Escherichia coli
CCC,6.4,33,Escherichia coli
CCA,6.6,34,Escherichia coli
CCG,26.7,137,Escherichia coli
CAU,15.8,81,Escherichia coli
CAC,13.1,67,Escherichia coli
CAA,12.1,62,Escherichia coli
CAG,27.7,142,Escherichia coli
CGU,21.1,108,Escherichia coli
CGC,26,133,Escherichia coli
CGA,4.3,22,Escherichia coli
CGG,4.1,21,Escherichia coli
AUU,30.5,156,Escherichia coli
AUC,18.2,93,Escherichia coli
AUA,3.7,19,Escherichia coli
AUG,24.8,127,Escherichia coli
ACU,8,41,Escherichia coli
ACC,22.8,117,Escherichia coli
ACA,6.4,33,Escherichia coli
ACG,11.5,59,Escherichia coli
AAU,21.9,112,Escherichia coli
AAC,24.4,125,Escherichia coli
AAA,33.2,170,Escherichia coli
AAG,12.1,62,Escherichia coli
AGU,7.2,37,Escherichia coli
AGC,16.6,85,Escherichia coli
AGA,1.4,7,Escherichia coli
AGG,1.6,8,Escherichia coli
GUU,16.8,86,Escherichia coli
GUC,11.7,60,Escherichia coli
GUA,11.5,59,Escherichia coli
GUG,26.4,135,Escherichia coli
GCU,10.7,55,Escherichia coli
GCC,31.6,162,Escherichia coli
GCA,21.1,108,Escherichia coli
GCG,38.5,197,Escherichia coli
GAU,37.9,194,Escherichia coli
GAC,20.5,105,Escherichia coli
GAA,43.7,224,Escherichia coli
GAG,18.4,94,Escherichia coli
GGU,21.3,109,Escherichia coli
GGC,33.4,171,Escherichia coli
GGA,9.2,47,Escherichia coli
GGG,8.6,44,Escherichia coli
UUU,1.7,5008,Rhodococcus
UUC,28.5,83113,Rhodococcus
UUA,0.4,1160,Rhodococcus
UUG,7.8,22730,Rhodococcus
UCU,1.7,4966,Rhodococcus
UCC,16.5,48208,Rhodococcus
UCA,2.7,7752,Rhodococcus
UCG,21,61113,Rhodococcus
UAU,2.9,8496,Rhodococcus
UAC,17.3,50381,Rhodococcus
UAA,0.3,743,Rhodococcus
UAG,0.7,1915,Rhodococcus
UGU,1.6,4752,Rhodococcus
UGC,7,20535,Rhodococcus
UGA,2.2,6543,Rhodococcus
UGG,14.4,42006,Rhodococcus
CUU,3.6,10406,Rhodococcus
CUC,40.6,118328,Rhodococcus
CUA,1.5,4310,Rhodococcus
CUG,43.7,1275,Rhodococcus
CCU,2.8,8292,Rhodococcus
CCC,20.4,59381,Rhodococcus
CCA,3.4,9892,Rhodococcus
CCG,30.8,89750,Rhodococcus
CAU,4.2,12266,Rhodococcus
CAC,19.2,56066,Rhodococcus
CAA,4.2,12365,Rhodococcus
CAG,23.8,69395,Rhodococcus
CGU,8.2,24058,Rhodococcus
CGC,30,87603,Rhodococcus
CGA,7.4,21522,Rhodococcus
CGG,25.1,73236,Rhodococcus
AUU,3.5,10130,Rhodococcus
AUC,37.2,108574,Rhodococcus
AUA,1,2971,Rhodococcus
AUG,18,52647,Rhodococcus
ACU,3,8791,Rhodococcus
ACC,35.9,104787,Rhodococcus
ACA,4.5,13028,Rhodococcus
ACG,20.3,59202,Rhodococcus
AAU,3.3,9734,Rhodococcus
AAC,17.4,50736,Rhodococcus
AAA,3.4,9962,Rhodococcus
AAG,17.4,50833,Rhodococcus
AGU,3.6,10513,Rhodococcus
AGC,12.7,36907,Rhodococcus
AGA,1.5,4282,Rhodococcus
AGG,3.4,9889,Rhodococcus
GUU,5,14633,Rhodococcus
GUC,44.7,130448,Rhodococcus
GUA,2.9,8421,Rhodococcus
GUG,35.8,104519,Rhodococcus
GCU,6.3,18416,Rhodococcus
GCC,55.2,161001,Rhodococcus
GCA,13.1,38261,Rhodococcus
GCG,49.5,144469,Rhodococcus
GAU,11.5,33649,Rhodococcus
GAC,50.9,148603,Rhodococcus
GAA,17.5,51184,Rhodococcus
GAG,37,107931,Rhodococcus
GGU,16,46778,Rhodococcus
GGC,42.4,123579,Rhodococcus
GGA,13.2,38638,Rhodococcus
GGG,17.1,49757,Rhodococcus
